<code_scheme name="Default" version="173">
  <JavaCodeStyleSettings>
    <option name="SPACE_AROUND_TYPE_BOUNDS_IN_TYPE_PARAMETERS" value="false" />
    <option name="SPACE_BEFORE_COLON_IN_FOREACH" value="false" />
  </JavaCodeStyleSettings>
  <codeStyleSettings language="JAVA">
    <option name="SPACE_AROUND_ASSIGNMENT_OPERATORS" value="false" />
    <option name="SPACE_AROUND_LOGICAL_OPERATORS" value="false" />
    <option name="SPACE_AROUND_EQUALITY_OPERATORS" value="false" />
    <option name="SPACE_AROUND_RELATIONAL_OPERATORS" value="false" />
    <option name="SPACE_AROUND_BITWISE_OPERATORS" value="false" />
    <option name="SPACE_AROUND_ADDITIVE_OPERATORS" value="false" />
    <option name="SPACE_AROUND_MULTIPLICATIVE_OPERATORS" value="false" />
    <option name="SPACE_AROUND_SHIFT_OPERATORS" value="false" />
    <option name="SPACE_AROUND_LAMBDA_ARROW" value="false" />
    <option name="SPACE_AFTER_COMMA" value="false" />
    <option name="SPACE_AFTER_COMMA_IN_TYPE_ARGUMENTS" value="false" />
    <option name="SPACE_AFTER_SEMICOLON" value="false" />
    <option name="SPACE_AFTER_TYPE_CAST" value="false" />
    <option name="SPACE_BEFORE_IF_PARENTHESES" value="false" />
    <option name="SPACE_BEFORE_WHILE_PARENTHESES" value="false" />
    <option name="SPACE_BEFORE_FOR_PARENTHESES" value="false" />
    <option name="SPACE_BEFORE_TRY_PARENTHESES" value="false" />
    <option name="SPACE_BEFORE_CATCH_PARENTHESES" value="false" />
    <option name="SPACE_BEFORE_SWITCH_PARENTHESES" value="false" />
    <option name="SPACE_BEFORE_SYNCHRONIZED_PARENTHESES" value="false" />
    <option name="SPACE_BEFORE_CLASS_LBRACE" value="false" />
    <option name="SPACE_BEFORE_METHOD_LBRACE" value="false" />
    <option name="SPACE_BEFORE_IF_LBRACE" value="false" />
    <option name="SPACE_BEFORE_ELSE_LBRACE" value="false" />
    <option name="SPACE_BEFORE_WHILE_LBRACE" value="false" />
    <option name="SPACE_BEFORE_FOR_LBRACE" value="false" />
    <option name="SPACE_BEFORE_DO_LBRACE" value="false" />
    <option name="SPACE_BEFORE_SWITCH_LBRACE" value="false" />
    <option name="SPACE_BEFORE_TRY_LBRACE" value="false" />
    <option name="SPACE_BEFORE_CATCH_LBRACE" value="false" />
    <option name="SPACE_BEFORE_FINALLY_LBRACE" value="false" />
    <option name="SPACE_BEFORE_SYNCHRONIZED_LBRACE" value="false" />
    <option name="SPACE_BEFORE_ELSE_KEYWORD" value="false" />
    <option name="SPACE_BEFORE_WHILE_KEYWORD" value="false" />
    <option name="SPACE_BEFORE_CATCH_KEYWORD" value="false" />
    <option name="SPACE_BEFORE_FINALLY_KEYWORD" value="false" />
    <option name="SPACE_BEFORE_QUEST" value="false" />
    <option name="SPACE_AFTER_QUEST" value="false" />
    <option name="SPACE_BEFORE_COLON" value="false" />
    <option name="SPACE_AFTER_COLON" value="false" />
    <indentOptions>
      <option name="CONTINUATION_INDENT_SIZE" value="4" />
    </indentOptions>
  </codeStyleSettings>
</code_scheme>